{
    "SwordClash": {
        "name": "SwordClash",
        "filename": "warfare_swords_x_2_hit_001.mp3"
    },
    "Breathe": {
        "name": "Breathe",
        "filename": "zapsplat_human_male_breathing_out_exhale_single_fast_happy_relief_002_75264.mp3"
    },
    "Ticking": {
        "name": "Ticking",
        "filename": "tspt_alarm_clock_ticking_loop_002.mp3"
    },
    "SwingSword": {
        "name": "SwingSword",
        "filename": "warfare_medieval_katana_sword_swing_001.mp3"
    },
    "UnshealthSword": {
        "name": "UnshealthSword",
        "filename": "warfare_sword_pulled_from_sheath_british_naval_cutlass_19thc_002.mp3"
    },
    "HumanFootsteps": {
        "name": "HumanFootsteps",
        "filename": "zapsplat_foley_footsteps_football_boots_running_on_grass_75689Short.mp3"
    },
    "ICanSeeYouFast": {
        "name": "ICanSeeYouFast",
        "filename": "zapsplat_horror_ghost_evp_spirit_box_eerie_male_says_i_can_see_you_glitchy_recorded_lo_fi_processed_003_58858.mp3"
    },
    "ICanSeeYouSlow": {
        "name": "ICanSeeYouSlow",
        "filename": "zapsplat_horror_ghost_evp_spirit_box_eerie_male_says_i_can_see_you_glitchy_recorded_lo_fi_processed_004_58859.mp3"
    },
    "SwordHitWall": {
        "name": "SwordHitWall",
        "filename": "zapsplat_impacts_swoosh_into_metal_thud_hit_002_43406.mp3"
    },
    "BounceOffWall": {
        "name": "BounceOffWall",
        "filename": "zapsplat_sport_basket_ball_hard_bounce_x1_on_asphalt_concrete_008_71152.mp3"
    },
    "EnemyFootsteps": {
        "name": "EnemyFootsteps",
        "filename": "animals_mouse_or_other_rodent_scuttle_across_carpet(short).mp3"
    },
    "MonsterRoar": {
        "name": "MonsterRoar",
        "filename": "horror_monster_ill_or_dying_moan.mp3"
    },
    "MonsterDeath": {
        "name": "MonsterDeath",
        "filename": "articulated_MONSTER+Yeti+roar+12.mp3"
    },
    "MonsterStabbed": {
        "name": "MonsterStabbed",
        "filename": "johnj_human_impact_weapon_body_fall_sword_or_bat.mp3"
    },
    "Denied1": {
        "name": "Denied1",
        "filename": "zapsplat_multimedia_game_error_tone_007_24925.mp3"
    },
    "Denied2": {
        "name": "Denied2",
        "filename": "zapsplat_multimedia_game_error_tone_006_24924.mp3"
    }
}