{
    "LabyrinthMap" : {
        "LabyrinthRooms" : [{
            "Tiles" : [
                {"X":0, "Y":0, "TileType": "FLOOR_TILE"},
                {"X":0, "Y":1, "TileType": "FLOOR_TILE"},
                {"X":0, "Y":2, "TileType": "FLOOR_TILE"},
                {"X":0, "Y":3, "TileType": "FLOOR_TILE"},
                {"X":0, "Y":4, "TileType": "FLOOR_TILE"},
                {"X":0, "Y":5, "TileType": "FLOOR_TILE"},
                {"X":0, "Y":6, "TileType": "FLOOR_TILE"},
                {"X":1, "Y":6, "TileType": "FLOOR_TILE"},
                {"X":2, "Y":6, "TileType": "FLOOR_TILE"},
                {"X":3, "Y":6, "TileType": "FLOOR_TILE"},
                {"X":4, "Y":6, "TileType": "FLOOR_TILE"}
            ]
        }],
        "CharacterSpawns" : [{
            "CharacterType" : "PLAYER",
            "X" : 0,
            "Y" : 0
        }]
    }
}
